internalId,externalId,price,name
8666,0,1250,Italia Presecco Bottle
8667,0,1260,Italia Presecco Bottle
8668,0,1270,Italia Presecco Bottle
8669,0,1280,Italia Presecco Bottle
8670,0,1290,Italia Presecco Bottle
8671,0,1300,Italia Presecco Bottle
8672,0,1310,Italia Presecco Bottle
8673,0,1320,Italia Presecco Bottle
8674,0,1330,Italia Presecco Bottle
8675,0,1340,Italia Presecco Bottle
8676,0,1350,Italia Presecco Bottle
8677,0,1360,Italia Presecco Bottle
8678,0,1370,Italia Presecco Bottle
8679,0,1380,Italia Presecco Bottle
8680,0,1390,Italia Presecco Bottle
8681,0,1400,Italia Presecco Bottle
8682,0,1410,Italia Presecco Bottle
8683,0,1420,Italia Presecco Bottle
8684,0,1430,Italia Presecco Bottle
8685,0,1440,Italia Presecco Bottle
8686,0,1450,Italia Presecco Bottle
8687,0,1460,Italia Presecco Bottle
8688,0,1470,Italia Presecco Bottle
8689,0,1480,Italia Presecco Bottle
8690,0,1490,Italia Presecco Bottle
8691,0,1500,Italia Presecco Bottle
8692,0,1510,Italia Presecco Bottle
8693,0,1520,Italia Presecco Bottle
8694,0,1530,Italia Presecco Bottle
8695,0,1540,Italia Presecco Bottle
8696,0,1550,Italia Presecco Bottle
8697,0,1560,Italia Presecco Bottle
8698,0,1570,Italia Presecco Bottle
8699,0,1580,Italia Presecco Bottle
8700,0,1590,Italia Presecco Bottle
8701,0,1600,Italia Presecco Bottle
8702,0,1610,Italia Presecco Bottle
8703,0,1620,Italia Presecco Bottle
8704,0,1630,Italia Presecco Bottle
8705,0,1640,Italia Presecco Bottle
8706,0,1650,Italia Presecco Bottle
8707,0,1660,Italia Presecco Bottle
8708,0,1670,Italia Presecco Bottle
8709,0,1680,Italia Presecco Bottle
8710,0,1690,Italia Presecco Bottle
8711,0,1700,Italia Presecco Bottle
8712,0,1710,Italia Presecco Bottle
8713,0,1720,Italia Presecco Bottle
8714,0,1730,Italia Presecco Bottle
8715,0,1740,Italia Presecco Bottle
8716,0,1750,Italia Presecco Bottle
8717,0,1760,Italia Presecco Bottle
8718,0,1770,Italia Presecco Bottle
8719,0,1780,Italia Presecco Bottle
8720,0,1790,Italia Presecco Bottle
8721,0,1800,Italia Presecco Bottle
8722,0,1810,Italia Presecco Bottle
8723,0,1820,Italia Presecco Bottle
8724,0,1830,Italia Presecco Bottle
8725,0,1840,Italia Presecco Bottle
8726,0,1850,Italia Presecco Bottle
8727,0,1860,Italia Presecco Bottle
8728,0,1870,Italia Presecco Bottle
8729,0,1880,Italia Presecco Bottle
8730,0,1890,Italia Presecco Bottle
8731,0,1900,Italia Presecco Bottle
8732,0,1910,Italia Presecco Bottle
8733,0,1920,Italia Presecco Bottle
8734,0,1930,Italia Presecco Bottle
8735,0,1940,Italia Presecco Bottle
8736,0,1950,Italia Presecco Bottle
8737,0,1960,Italia Presecco Bottle
8738,0,1970,Italia Presecco Bottle
8739,0,1980,Italia Presecco Bottle
8740,0,1990,Italia Presecco Bottle
8741,0,2000,Italia Presecco Bottle
8742,0,2010,Italia Presecco Bottle
8743,0,2020,Italia Presecco Bottle
8744,0,2030,Italia Presecco Bottle
8745,0,2040,Italia Presecco Bottle
8746,0,2050,Italia Presecco Bottle
8747,0,2060,Italia Presecco Bottle
8748,0,2070,Italia Presecco Bottle
8749,0,2080,Italia Presecco Bottle
8750,0,2090,Italia Presecco Bottle
8751,0,2100,Italia Presecco Bottle
8752,0,2110,Italia Presecco Bottle
8753,0,2120,Italia Presecco Bottle
8754,0,2130,Italia Presecco Bottle
8755,0,2140,Italia Presecco Bottle
8756,0,2150,Italia Presecco Bottle
8757,0,2160,Italia Presecco Bottle
8758,0,2170,Italia Presecco Bottle
8759,0,2180,Italia Presecco Bottle
8760,0,2190,Italia Presecco Bottle
8761,0,2200,Italia Presecco Bottle
8762,0,2210,Italia Presecco Bottle
8763,0,2220,Italia Presecco Bottle
8764,0,2230,Italia Presecco Bottle
8765,0,2240,Italia Presecco Bottle
8766,0,2250,Italia Presecco Bottle
8767,0,2260,Italia Presecco Bottle
8768,0,2270,Italia Presecco Bottle
8769,0,2280,Italia Presecco Bottle
8770,0,2290,Italia Presecco Bottle
8771,0,2300,Italia Presecco Bottle
8772,0,2310,Italia Presecco Bottle
8773,0,2320,Italia Presecco Bottle
8774,0,2330,Italia Presecco Bottle
8775,0,2340,Italia Presecco Bottle
8776,0,2350,Italia Presecco Bottle
8777,0,2360,Italia Presecco Bottle
8778,0,2370,Italia Presecco Bottle
8779,0,2380,Italia Presecco Bottle
8780,0,2390,Italia Presecco Bottle
8781,0,2400,Italia Presecco Bottle
8782,1,1250,Sacchetto Bottle
8783,1,1260,Sacchetto Bottle
8784,1,1270,Sacchetto Bottle
8785,1,1280,Sacchetto Bottle
8786,1,1290,Sacchetto Bottle
8787,1,1300,Sacchetto Bottle
8788,1,1310,Sacchetto Bottle
8789,1,1320,Sacchetto Bottle
8790,1,1330,Sacchetto Bottle
8791,1,1340,Sacchetto Bottle
8792,1,1350,Sacchetto Bottle
8793,1,1360,Sacchetto Bottle
8794,1,1370,Sacchetto Bottle
8795,1,1380,Sacchetto Bottle
8796,1,1390,Sacchetto Bottle
8797,1,1400,Sacchetto Bottle
8798,1,1410,Sacchetto Bottle
8799,1,1420,Sacchetto Bottle
8800,1,1430,Sacchetto Bottle
8801,1,1440,Sacchetto Bottle
8802,1,1450,Sacchetto Bottle
8803,1,1460,Sacchetto Bottle
8804,1,1470,Sacchetto Bottle
8805,1,1480,Sacchetto Bottle
8806,1,1490,Sacchetto Bottle
8807,1,1500,Sacchetto Bottle
8808,1,1510,Sacchetto Bottle
8809,1,1520,Sacchetto Bottle
8810,1,1530,Sacchetto Bottle
8811,1,1540,Sacchetto Bottle
8812,1,1550,Sacchetto Bottle
8813,1,1560,Sacchetto Bottle
8814,1,1570,Sacchetto Bottle
8815,1,1580,Sacchetto Bottle
8816,1,1590,Sacchetto Bottle
8817,1,1600,Sacchetto Bottle
8818,1,1610,Sacchetto Bottle
8819,1,1620,Sacchetto Bottle
8820,1,1630,Sacchetto Bottle
8821,1,1640,Sacchetto Bottle
8822,1,1650,Sacchetto Bottle
8823,1,1660,Sacchetto Bottle
8824,1,1670,Sacchetto Bottle
8825,1,1680,Sacchetto Bottle
8826,1,1690,Sacchetto Bottle
8827,1,1700,Sacchetto Bottle
8828,1,1710,Sacchetto Bottle
8829,1,1720,Sacchetto Bottle
8830,1,1730,Sacchetto Bottle
8831,1,1740,Sacchetto Bottle
8832,1,1750,Sacchetto Bottle
8833,1,1760,Sacchetto Bottle
8834,1,1770,Sacchetto Bottle
8835,1,1780,Sacchetto Bottle
8836,1,1790,Sacchetto Bottle
8837,1,1800,Sacchetto Bottle
8838,1,1810,Sacchetto Bottle
8839,1,1820,Sacchetto Bottle
8840,1,1830,Sacchetto Bottle
8841,1,1840,Sacchetto Bottle
8842,1,1850,Sacchetto Bottle
8843,1,1860,Sacchetto Bottle
8844,1,1870,Sacchetto Bottle
8845,1,1880,Sacchetto Bottle
8846,1,1890,Sacchetto Bottle
8847,1,1900,Sacchetto Bottle
8848,1,1910,Sacchetto Bottle
8849,1,1920,Sacchetto Bottle
8850,1,1930,Sacchetto Bottle
8851,1,1940,Sacchetto Bottle
8852,1,1950,Sacchetto Bottle
8853,1,1960,Sacchetto Bottle
8854,1,1970,Sacchetto Bottle
8855,1,1980,Sacchetto Bottle
8856,1,1990,Sacchetto Bottle
8857,1,2000,Sacchetto Bottle
8858,1,2010,Sacchetto Bottle
8859,1,2020,Sacchetto Bottle
8860,1,2030,Sacchetto Bottle
8861,1,2040,Sacchetto Bottle
8862,1,2050,Sacchetto Bottle
8863,1,2060,Sacchetto Bottle
8864,1,2070,Sacchetto Bottle
8865,1,2080,Sacchetto Bottle
8866,1,2090,Sacchetto Bottle
8867,1,2100,Sacchetto Bottle
8868,1,2110,Sacchetto Bottle
8869,1,2120,Sacchetto Bottle
8870,1,2130,Sacchetto Bottle
8871,1,2140,Sacchetto Bottle
8872,1,2150,Sacchetto Bottle
8873,1,2160,Sacchetto Bottle
8874,1,2170,Sacchetto Bottle
8875,1,2180,Sacchetto Bottle
8876,1,2190,Sacchetto Bottle
8877,1,2200,Sacchetto Bottle
8878,1,2210,Sacchetto Bottle
8879,1,2220,Sacchetto Bottle
8880,1,2230,Sacchetto Bottle
8881,1,2240,Sacchetto Bottle
8882,1,2250,Sacchetto Bottle
8883,1,2260,Sacchetto Bottle
8884,1,2270,Sacchetto Bottle
8885,1,2280,Sacchetto Bottle
8886,1,2290,Sacchetto Bottle
8887,1,2300,Sacchetto Bottle
8888,1,2310,Sacchetto Bottle
8889,1,2320,Sacchetto Bottle
8890,1,2330,Sacchetto Bottle
8891,1,2340,Sacchetto Bottle
8892,1,2350,Sacchetto Bottle
8893,1,2360,Sacchetto Bottle
8894,1,2370,Sacchetto Bottle
8895,1,2380,Sacchetto Bottle
8896,1,2390,Sacchetto Bottle
8897,1,2400,Sacchetto Bottle
8898,2,1950,House Champagne
8899,2,1960,House Champagne
8900,2,1970,House Champagne
8901,2,1980,House Champagne
8902,2,1990,House Champagne
8903,2,2000,House Champagne
8904,2,2010,House Champagne
8905,2,2020,House Champagne
8906,2,2030,House Champagne
8907,2,2040,House Champagne
8908,2,2050,House Champagne
8909,2,2060,House Champagne
8910,2,2070,House Champagne
8911,2,2080,House Champagne
8912,2,2090,House Champagne
8913,2,2100,House Champagne
8914,2,2110,House Champagne
8915,2,2120,House Champagne
8916,2,2130,House Champagne
8917,2,2140,House Champagne
8918,2,2150,House Champagne
8919,2,2160,House Champagne
8920,2,2170,House Champagne
8921,2,2180,House Champagne
8922,2,2190,House Champagne
8923,2,2200,House Champagne
8924,2,2210,House Champagne
8925,2,2220,House Champagne
8926,2,2230,House Champagne
8927,2,2240,House Champagne
8928,2,2250,House Champagne
8929,2,2260,House Champagne
8930,2,2270,House Champagne
8931,2,2280,House Champagne
8932,2,2290,House Champagne
8933,2,2300,House Champagne
8934,2,2310,House Champagne
8935,2,2320,House Champagne
8936,2,2330,House Champagne
8937,2,2340,House Champagne
8938,2,2350,House Champagne
8939,2,2360,House Champagne
8940,2,2370,House Champagne
8941,2,2380,House Champagne
8942,2,2390,House Champagne
8943,2,2400,House Champagne
8944,2,2410,House Champagne
8945,2,2420,House Champagne
8946,2,2430,House Champagne
8947,2,2440,House Champagne
8948,2,2450,House Champagne
8949,2,2460,House Champagne
8950,2,2470,House Champagne
8951,2,2480,House Champagne
8952,2,2490,House Champagne
8953,2,2500,House Champagne
8954,2,2510,House Champagne
8955,2,2520,House Champagne
8956,2,2530,House Champagne
8957,2,2540,House Champagne
8958,2,2550,House Champagne
8959,2,2560,House Champagne
8960,2,2570,House Champagne
8961,2,2580,House Champagne
8962,2,2590,House Champagne
8963,2,2600,House Champagne
8964,2,2610,House Champagne
8965,2,2620,House Champagne
8966,2,2630,House Champagne
8967,2,2640,House Champagne
8968,2,2650,House Champagne
8969,2,2660,House Champagne
8970,2,2670,House Champagne
8971,2,2680,House Champagne
8972,2,2690,House Champagne
8973,2,2700,House Champagne
8974,2,2710,House Champagne
8975,2,2720,House Champagne
8976,2,2730,House Champagne
8977,2,2740,House Champagne
8978,2,2750,House Champagne
8979,2,2760,House Champagne
8980,2,2770,House Champagne
8981,2,2780,House Champagne
8982,2,2790,House Champagne
8983,2,2800,House Champagne
8984,2,2810,House Champagne
8985,2,2820,House Champagne
8986,2,2830,House Champagne
8987,2,2840,House Champagne
8988,2,2850,House Champagne
8989,2,2860,House Champagne
8990,2,2870,House Champagne
8991,2,2880,House Champagne
8992,2,2890,House Champagne
8993,2,2900,House Champagne
8994,2,2910,House Champagne
8995,2,2920,House Champagne
8996,2,2930,House Champagne
8997,2,2940,House Champagne
8998,2,2950,House Champagne
8999,2,2960,House Champagne
9000,2,2970,House Champagne
9001,2,2980,House Champagne
9002,2,2990,House Champagne
9003,2,3000,House Champagne
9004,2,3010,House Champagne
9005,2,3020,House Champagne
9006,2,3030,House Champagne
9007,2,3040,House Champagne
9008,2,3050,House Champagne
9009,2,3060,House Champagne
9010,2,3070,House Champagne
9011,2,3080,House Champagne
9012,2,3090,House Champagne
9013,2,3100,House Champagne
9014,2,3110,House Champagne
9015,2,3120,House Champagne
9016,2,3130,House Champagne
9017,2,3140,House Champagne
9018,2,3150,House Champagne
9019,2,3160,House Champagne
9020,2,3170,House Champagne
9021,2,3180,House Champagne
9022,2,3190,House Champagne
9023,2,3200,House Champagne
9024,2,3210,House Champagne
9025,2,3220,House Champagne
9026,2,3230,House Champagne
9027,2,3240,House Champagne
9028,2,3250,House Champagne
9029,2,3260,House Champagne
9030,2,3270,House Champagne
9031,2,3280,House Champagne
9032,2,3290,House Champagne
9033,2,3300,House Champagne
9034,2,3310,House Champagne
9035,2,3320,House Champagne
9036,2,3330,House Champagne
9037,2,3340,House Champagne
9038,2,3350,House Champagne
9039,2,3360,House Champagne
9040,2,3370,House Champagne
9041,2,3380,House Champagne
9042,2,3390,House Champagne
9043,2,3400,House Champagne
9044,2,3410,House Champagne
9045,2,3420,House Champagne
9046,2,3430,House Champagne
9047,2,3440,House Champagne
9048,2,3450,House Champagne
9049,2,3460,House Champagne
9050,2,3470,House Champagne
9051,2,3480,House Champagne
9052,2,3490,House Champagne
9053,2,3500,House Champagne
9054,2,3510,House Champagne
9055,2,3520,House Champagne
9056,2,3530,House Champagne
9057,2,3540,House Champagne
9058,2,3550,House Champagne
9059,2,3560,House Champagne
9060,2,3570,House Champagne
9061,2,3580,House Champagne
9062,2,3590,House Champagne
9063,2,3600,House Champagne
9064,2,3610,House Champagne
9065,2,3620,House Champagne
9066,2,3630,House Champagne
9067,2,3640,House Champagne
9068,2,3650,House Champagne
9069,2,3660,House Champagne
9070,2,3670,House Champagne
9071,2,3680,House Champagne
9072,2,3690,House Champagne
9073,2,3700,House Champagne
9074,2,3710,House Champagne
9075,2,3720,House Champagne
9076,2,3730,House Champagne
9077,2,3740,House Champagne
9078,2,3750,House Champagne
9079,2,3760,House Champagne
9080,2,3770,House Champagne
9081,2,3780,House Champagne
9082,2,3790,House Champagne
9083,2,3800,House Champagne
9084,2,3810,House Champagne
9085,2,3820,House Champagne
9086,2,3830,House Champagne
9087,2,3840,House Champagne
9088,2,3850,House Champagne
9089,2,3860,House Champagne
9090,2,3870,House Champagne
9091,2,3880,House Champagne
9092,2,3890,House Champagne
9093,2,3900,House Champagne
9094,2,3910,House Champagne
9095,2,3920,House Champagne
9096,2,3930,House Champagne
9097,2,3940,House Champagne
9098,2,3950,House Champagne
9099,2,3960,House Champagne
9100,2,3970,House Champagne
9101,2,3980,House Champagne
9102,2,3990,House Champagne
9103,2,4000,House Champagne
9104,2,4010,House Champagne
9105,2,4020,House Champagne
9106,2,4030,House Champagne
9107,2,4040,House Champagne
9108,2,4050,House Champagne
9109,2,4060,House Champagne
9110,2,4070,House Champagne
9111,2,4080,House Champagne
9112,2,4090,House Champagne
9113,2,4100,House Champagne
9114,2,4110,House Champagne
9115,2,4120,House Champagne
9116,2,4130,House Champagne
9117,2,4140,House Champagne
9118,2,4150,House Champagne
9119,2,4160,House Champagne
9120,2,4170,House Champagne
9121,2,4180,House Champagne
9122,2,4190,House Champagne
9123,2,4200,House Champagne
9124,3,250,Amstel
9125,3,260,Amstel
9126,3,270,Amstel
9127,3,280,Amstel
9128,3,290,Amstel
9129,3,300,Amstel
9130,3,310,Amstel
9131,3,320,Amstel
9132,3,330,Amstel
9133,3,340,Amstel
9134,3,350,Amstel
9135,3,360,Amstel
9136,3,370,Amstel
9137,3,380,Amstel
9138,3,390,Amstel
9139,3,400,Amstel
9140,3,410,Amstel
9141,3,420,Amstel
9142,3,430,Amstel
9143,3,440,Amstel
9144,3,450,Amstel
9145,4,250,San Miguel
9146,4,260,San Miguel
9147,4,270,San Miguel
9148,4,280,San Miguel
9149,4,290,San Miguel
9150,4,300,San Miguel
9151,4,310,San Miguel
9152,4,320,San Miguel
9153,4,330,San Miguel
9154,4,340,San Miguel
9155,4,350,San Miguel
9156,4,360,San Miguel
9157,4,370,San Miguel
9158,4,380,San Miguel
9159,4,390,San Miguel
9160,4,400,San Miguel
9161,4,410,San Miguel
9162,4,420,San Miguel
9163,4,430,San Miguel
9164,4,440,San Miguel
9165,4,450,San Miguel
9166,5,250,Tsingtao
9167,5,260,Tsingtao
9168,5,270,Tsingtao
9169,5,280,Tsingtao
9170,5,290,Tsingtao
9171,5,300,Tsingtao
9172,5,310,Tsingtao
9173,5,320,Tsingtao
9174,5,330,Tsingtao
9175,5,340,Tsingtao
9176,5,350,Tsingtao
9177,5,360,Tsingtao
9178,5,370,Tsingtao
9179,5,380,Tsingtao
9180,5,390,Tsingtao
9181,5,400,Tsingtao
9182,5,410,Tsingtao
9183,5,420,Tsingtao
9184,5,430,Tsingtao
9185,5,440,Tsingtao
9186,5,450,Tsingtao
9187,6,250,Draft Beers
9188,6,260,Draft Beers
9189,6,270,Draft Beers
9190,6,280,Draft Beers
9191,6,290,Draft Beers
9192,6,300,Draft Beers
9193,6,310,Draft Beers
9194,6,320,Draft Beers
9195,6,330,Draft Beers
9196,6,340,Draft Beers
9197,6,350,Draft Beers
9198,6,360,Draft Beers
9199,6,370,Draft Beers
9200,6,380,Draft Beers
9201,6,390,Draft Beers
9202,6,400,Draft Beers
9203,6,410,Draft Beers
9204,6,420,Draft Beers
9205,6,430,Draft Beers
9206,6,440,Draft Beers
9207,6,450,Draft Beers
9208,7,250,Cointreau
9209,7,260,Cointreau
9210,7,270,Cointreau
9211,7,280,Cointreau
9212,7,290,Cointreau
9213,7,300,Cointreau
9214,7,310,Cointreau
9215,7,320,Cointreau
9216,7,330,Cointreau
9217,7,340,Cointreau
9218,7,350,Cointreau
9219,7,360,Cointreau
9220,7,370,Cointreau
9221,7,380,Cointreau
9222,7,390,Cointreau
9223,7,400,Cointreau
9224,7,410,Cointreau
9225,7,420,Cointreau
9226,7,430,Cointreau
9227,7,440,Cointreau
9228,7,450,Cointreau
9229,7,460,Cointreau
9230,7,470,Cointreau
9231,7,480,Cointreau
9232,7,490,Cointreau
9233,7,500,Cointreau
9234,7,510,Cointreau
9235,7,520,Cointreau
9236,7,530,Cointreau
9237,7,540,Cointreau
9238,7,550,Cointreau
9239,7,560,Cointreau
9240,7,570,Cointreau
9241,7,580,Cointreau
9242,7,590,Cointreau
9243,7,600,Cointreau
9244,8,250,Jagermeister
9245,8,260,Jagermeister
9246,8,270,Jagermeister
9247,8,280,Jagermeister
9248,8,290,Jagermeister
9249,8,300,Jagermeister
9250,8,310,Jagermeister
9251,8,320,Jagermeister
9252,8,330,Jagermeister
9253,8,340,Jagermeister
9254,8,350,Jagermeister
9255,8,360,Jagermeister
9256,8,370,Jagermeister
9257,8,380,Jagermeister
9258,8,390,Jagermeister
9259,8,400,Jagermeister
9260,8,410,Jagermeister
9261,8,420,Jagermeister
9262,8,430,Jagermeister
9263,8,440,Jagermeister
9264,8,450,Jagermeister
9265,8,460,Jagermeister
9266,8,470,Jagermeister
9267,8,480,Jagermeister
9268,8,490,Jagermeister
9269,8,500,Jagermeister
9270,8,510,Jagermeister
9271,8,520,Jagermeister
9272,8,530,Jagermeister
9273,8,540,Jagermeister
9274,8,550,Jagermeister
9275,8,560,Jagermeister
9276,8,570,Jagermeister
9277,8,580,Jagermeister
9278,8,590,Jagermeister
9279,8,600,Jagermeister
9280,9,250,Antica Sambucca
9281,9,260,Antica Sambucca
9282,9,270,Antica Sambucca
9283,9,280,Antica Sambucca
9284,9,290,Antica Sambucca
9285,9,300,Antica Sambucca
9286,9,310,Antica Sambucca
9287,9,320,Antica Sambucca
9288,9,330,Antica Sambucca
9289,9,340,Antica Sambucca
9290,9,350,Antica Sambucca
9291,9,360,Antica Sambucca
9292,9,370,Antica Sambucca
9293,9,380,Antica Sambucca
9294,9,390,Antica Sambucca
9295,9,400,Antica Sambucca
9296,9,410,Antica Sambucca
9297,9,420,Antica Sambucca
9298,9,430,Antica Sambucca
9299,9,440,Antica Sambucca
9300,9,450,Antica Sambucca
9301,9,460,Antica Sambucca
9302,9,470,Antica Sambucca
9303,9,480,Antica Sambucca
9304,9,490,Antica Sambucca
9305,9,500,Antica Sambucca
9306,9,510,Antica Sambucca
9307,9,520,Antica Sambucca
9308,9,530,Antica Sambucca
9309,9,540,Antica Sambucca
9310,9,550,Antica Sambucca
9311,9,560,Antica Sambucca
9312,9,570,Antica Sambucca
9313,9,580,Antica Sambucca
9314,9,590,Antica Sambucca
9315,9,600,Antica Sambucca
9316,10,250,Sauza
9317,10,260,Sauza
9318,10,270,Sauza
9319,10,280,Sauza
9320,10,290,Sauza
9321,10,300,Sauza
9322,10,310,Sauza
9323,10,320,Sauza
9324,10,330,Sauza
9325,10,340,Sauza
9326,10,350,Sauza
9327,10,360,Sauza
9328,10,370,Sauza
9329,10,380,Sauza
9330,10,390,Sauza
9331,10,400,Sauza
9332,10,410,Sauza
9333,10,420,Sauza
9334,10,430,Sauza
9335,10,440,Sauza
9336,10,450,Sauza
9337,10,460,Sauza
9338,10,470,Sauza
9339,10,480,Sauza
9340,10,490,Sauza
9341,10,500,Sauza
9342,10,510,Sauza
9343,10,520,Sauza
9344,10,530,Sauza
9345,10,540,Sauza
9346,10,550,Sauza
9347,10,560,Sauza
9348,10,570,Sauza
9349,10,580,Sauza
9350,10,590,Sauza
9351,10,600,Sauza
9352,11,275,Modelo Especial
9353,11,285,Modelo Especial
9354,11,295,Modelo Especial
9355,11,305,Modelo Especial
9356,11,315,Modelo Especial
9357,11,325,Modelo Especial
9358,11,335,Modelo Especial
9359,11,345,Modelo Especial
9360,11,355,Modelo Especial
9361,11,365,Modelo Especial
9362,11,375,Modelo Especial
9363,11,385,Modelo Especial
9364,11,395,Modelo Especial
9365,11,405,Modelo Especial
9366,11,415,Modelo Especial
9367,11,425,Modelo Especial
9368,11,435,Modelo Especial
9369,11,445,Modelo Especial
9370,11,455,Modelo Especial
9371,11,465,Modelo Especial
9372,11,475,Modelo Especial
9373,12,275,Modelo Negra
9374,12,285,Modelo Negra
9375,12,295,Modelo Negra
9376,12,305,Modelo Negra
9377,12,315,Modelo Negra
9378,12,325,Modelo Negra
9379,12,335,Modelo Negra
9380,12,345,Modelo Negra
9381,12,355,Modelo Negra
9382,12,365,Modelo Negra
9383,12,375,Modelo Negra
9384,12,385,Modelo Negra
9385,12,395,Modelo Negra
9386,12,405,Modelo Negra
9387,12,415,Modelo Negra
9388,12,425,Modelo Negra
9389,12,435,Modelo Negra
9390,12,445,Modelo Negra
9391,12,455,Modelo Negra
9392,12,465,Modelo Negra
9393,12,475,Modelo Negra
9394,13,300,Rekordilik Apple Cider
9395,13,310,Rekordilik Apple Cider
9396,13,320,Rekordilik Apple Cider
9397,13,330,Rekordilik Apple Cider
9398,13,340,Rekordilik Apple Cider
9399,13,350,Rekordilik Apple Cider
9400,13,360,Rekordilik Apple Cider
9401,13,370,Rekordilik Apple Cider
9402,13,380,Rekordilik Apple Cider
9403,13,390,Rekordilik Apple Cider
9404,13,400,Rekordilik Apple Cider
9405,13,410,Rekordilik Apple Cider
9406,13,420,Rekordilik Apple Cider
9407,13,430,Rekordilik Apple Cider
9408,13,440,Rekordilik Apple Cider
9409,13,450,Rekordilik Apple Cider
9410,13,460,Rekordilik Apple Cider
9411,13,470,Rekordilik Apple Cider
9412,13,480,Rekordilik Apple Cider
9413,13,490,Rekordilik Apple Cider
9414,14,300,Rekordilik S&L Cider
9415,14,310,Rekordilik S&L Cider
9416,14,320,Rekordilik S&L Cider
9417,14,330,Rekordilik S&L Cider
9418,14,340,Rekordilik S&L Cider
9419,14,350,Rekordilik S&L Cider
9420,14,360,Rekordilik S&L Cider
9421,14,370,Rekordilik S&L Cider
9422,14,380,Rekordilik S&L Cider
9423,14,390,Rekordilik S&L Cider
9424,14,400,Rekordilik S&L Cider
9425,14,410,Rekordilik S&L Cider
9426,14,420,Rekordilik S&L Cider
9427,14,430,Rekordilik S&L Cider
9428,14,440,Rekordilik S&L Cider
9429,14,450,Rekordilik S&L Cider
9430,14,460,Rekordilik S&L Cider
9431,14,470,Rekordilik S&L Cider
9432,14,480,Rekordilik S&L Cider
9433,14,490,Rekordilik S&L Cider
9434,15,300,Patron Xo
9435,15,310,Patron Xo
9436,15,320,Patron Xo
9437,15,330,Patron Xo
9438,15,340,Patron Xo
9439,15,350,Patron Xo
9440,15,360,Patron Xo
9441,15,370,Patron Xo
9442,15,380,Patron Xo
9443,15,390,Patron Xo
9444,15,400,Patron Xo
9445,15,410,Patron Xo
9446,15,420,Patron Xo
9447,15,430,Patron Xo
9448,15,440,Patron Xo
9449,15,450,Patron Xo
9450,15,460,Patron Xo
9451,15,470,Patron Xo
9452,15,480,Patron Xo
9453,15,490,Patron Xo
9454,15,500,Patron Xo
9455,15,510,Patron Xo
9456,15,520,Patron Xo
9457,15,530,Patron Xo
9458,15,540,Patron Xo
9459,15,550,Patron Xo
9460,15,560,Patron Xo
9461,15,570,Patron Xo
9462,15,580,Patron Xo
9463,15,590,Patron Xo
9464,15,600,Patron Xo
9465,15,610,Patron Xo
9466,15,620,Patron Xo
9467,15,630,Patron Xo
9468,15,640,Patron Xo
9469,15,650,Patron Xo
9470,16,450,New Amsterdam
9471,16,460,New Amsterdam
9472,16,470,New Amsterdam
9473,16,480,New Amsterdam
9474,16,490,New Amsterdam
9475,16,500,New Amsterdam
9476,16,510,New Amsterdam
9477,16,520,New Amsterdam
9478,16,530,New Amsterdam
9479,16,540,New Amsterdam
9480,16,550,New Amsterdam
9481,16,560,New Amsterdam
9482,16,570,New Amsterdam
9483,16,580,New Amsterdam
9484,16,590,New Amsterdam
9485,16,600,New Amsterdam
9486,16,610,New Amsterdam
9487,16,620,New Amsterdam
9488,16,630,New Amsterdam
9489,16,640,New Amsterdam
9490,16,650,New Amsterdam
9491,16,660,New Amsterdam
9492,16,670,New Amsterdam
9493,16,680,New Amsterdam
9494,16,690,New Amsterdam
9495,16,700,New Amsterdam
9496,16,710,New Amsterdam
9497,16,720,New Amsterdam
9498,16,730,New Amsterdam
9499,16,740,New Amsterdam
9500,16,750,New Amsterdam
9501,17,450,Bacardi Gold
9502,17,460,Bacardi Gold
9503,17,470,Bacardi Gold
9504,17,480,Bacardi Gold
9505,17,490,Bacardi Gold
9506,17,500,Bacardi Gold
9507,17,510,Bacardi Gold
9508,17,520,Bacardi Gold
9509,17,530,Bacardi Gold
9510,17,540,Bacardi Gold
9511,17,550,Bacardi Gold
9512,17,560,Bacardi Gold
9513,17,570,Bacardi Gold
9514,17,580,Bacardi Gold
9515,17,590,Bacardi Gold
9516,17,600,Bacardi Gold
9517,17,610,Bacardi Gold
9518,17,620,Bacardi Gold
9519,17,630,Bacardi Gold
9520,17,640,Bacardi Gold
9521,17,650,Bacardi Gold
9522,17,660,Bacardi Gold
9523,17,670,Bacardi Gold
9524,17,680,Bacardi Gold
9525,17,690,Bacardi Gold
9526,17,700,Bacardi Gold
9527,17,710,Bacardi Gold
9528,17,720,Bacardi Gold
9529,17,730,Bacardi Gold
9530,17,740,Bacardi Gold
9531,17,750,Bacardi Gold
9532,17,760,Bacardi Gold
9533,17,770,Bacardi Gold
9534,17,780,Bacardi Gold
9535,17,790,Bacardi Gold
9536,17,800,Bacardi Gold
9537,18,450,Bacardi Superior
9538,18,460,Bacardi Superior
9539,18,470,Bacardi Superior
9540,18,480,Bacardi Superior
9541,18,490,Bacardi Superior
9542,18,500,Bacardi Superior
9543,18,510,Bacardi Superior
9544,18,520,Bacardi Superior
9545,18,530,Bacardi Superior
9546,18,540,Bacardi Superior
9547,18,550,Bacardi Superior
9548,18,560,Bacardi Superior
9549,18,570,Bacardi Superior
9550,18,580,Bacardi Superior
9551,18,590,Bacardi Superior
9552,18,600,Bacardi Superior
9553,18,610,Bacardi Superior
9554,18,620,Bacardi Superior
9555,18,630,Bacardi Superior
9556,18,640,Bacardi Superior
9557,18,650,Bacardi Superior
9558,18,660,Bacardi Superior
9559,18,670,Bacardi Superior
9560,18,680,Bacardi Superior
9561,18,690,Bacardi Superior
9562,18,700,Bacardi Superior
9563,18,710,Bacardi Superior
9564,18,720,Bacardi Superior
9565,18,730,Bacardi Superior
9566,18,740,Bacardi Superior
9567,18,750,Bacardi Superior
9568,18,760,Bacardi Superior
9569,18,770,Bacardi Superior
9570,18,780,Bacardi Superior
9571,18,790,Bacardi Superior
9572,18,800,Bacardi Superior
9573,19,450,Bacardi Oakheart
9574,19,460,Bacardi Oakheart
9575,19,470,Bacardi Oakheart
9576,19,480,Bacardi Oakheart
9577,19,490,Bacardi Oakheart
9578,19,500,Bacardi Oakheart
9579,19,510,Bacardi Oakheart
9580,19,520,Bacardi Oakheart
9581,19,530,Bacardi Oakheart
9582,19,540,Bacardi Oakheart
9583,19,550,Bacardi Oakheart
9584,19,560,Bacardi Oakheart
9585,19,570,Bacardi Oakheart
9586,19,580,Bacardi Oakheart
9587,19,590,Bacardi Oakheart
9588,19,600,Bacardi Oakheart
9589,19,610,Bacardi Oakheart
9590,19,620,Bacardi Oakheart
9591,19,630,Bacardi Oakheart
9592,19,640,Bacardi Oakheart
9593,19,650,Bacardi Oakheart
9594,19,660,Bacardi Oakheart
9595,19,670,Bacardi Oakheart
9596,19,680,Bacardi Oakheart
9597,19,690,Bacardi Oakheart
9598,19,700,Bacardi Oakheart
9599,19,710,Bacardi Oakheart
9600,19,720,Bacardi Oakheart
9601,19,730,Bacardi Oakheart
9602,19,740,Bacardi Oakheart
9603,19,750,Bacardi Oakheart
9604,19,760,Bacardi Oakheart
9605,19,770,Bacardi Oakheart
9606,19,780,Bacardi Oakheart
9607,19,790,Bacardi Oakheart
9608,19,800,Bacardi Oakheart
9609,20,450,Havana Anejo Blanco
9610,20,460,Havana Anejo Blanco
9611,20,470,Havana Anejo Blanco
9612,20,480,Havana Anejo Blanco
9613,20,490,Havana Anejo Blanco
9614,20,500,Havana Anejo Blanco
9615,20,510,Havana Anejo Blanco
9616,20,520,Havana Anejo Blanco
9617,20,530,Havana Anejo Blanco
9618,20,540,Havana Anejo Blanco
9619,20,550,Havana Anejo Blanco
9620,20,560,Havana Anejo Blanco
9621,20,570,Havana Anejo Blanco
9622,20,580,Havana Anejo Blanco
9623,20,590,Havana Anejo Blanco
9624,20,600,Havana Anejo Blanco
9625,20,610,Havana Anejo Blanco
9626,20,620,Havana Anejo Blanco
9627,20,630,Havana Anejo Blanco
9628,20,640,Havana Anejo Blanco
9629,20,650,Havana Anejo Blanco
9630,20,660,Havana Anejo Blanco
9631,20,670,Havana Anejo Blanco
9632,20,680,Havana Anejo Blanco
9633,20,690,Havana Anejo Blanco
9634,20,700,Havana Anejo Blanco
9635,20,710,Havana Anejo Blanco
9636,20,720,Havana Anejo Blanco
9637,20,730,Havana Anejo Blanco
9638,20,740,Havana Anejo Blanco
9639,20,750,Havana Anejo Blanco
9640,20,760,Havana Anejo Blanco
9641,20,770,Havana Anejo Blanco
9642,20,780,Havana Anejo Blanco
9643,20,790,Havana Anejo Blanco
9644,20,800,Havana Anejo Blanco
9645,21,400,Baileys
9646,21,410,Baileys
9647,21,420,Baileys
9648,21,430,Baileys
9649,21,440,Baileys
9650,21,450,Baileys
9651,21,460,Baileys
9652,21,470,Baileys
9653,21,480,Baileys
9654,21,490,Baileys
9655,21,500,Baileys
9656,21,510,Baileys
9657,21,520,Baileys
9658,21,530,Baileys
9659,21,540,Baileys
9660,21,550,Baileys
9661,21,560,Baileys
9662,21,570,Baileys
9663,21,580,Baileys
9664,21,590,Baileys
9665,21,600,Baileys
9666,21,610,Baileys
9667,21,620,Baileys
9668,21,630,Baileys
9669,21,640,Baileys
9670,21,650,Baileys
9671,21,660,Baileys
9672,21,670,Baileys
9673,21,680,Baileys
9674,21,690,Baileys
9675,21,700,Baileys
9676,22,400,Ameretto Disaranno
9677,22,410,Ameretto Disaranno
9678,22,420,Ameretto Disaranno
9679,22,430,Ameretto Disaranno
9680,22,440,Ameretto Disaranno
9681,22,450,Ameretto Disaranno
9682,22,460,Ameretto Disaranno
9683,22,470,Ameretto Disaranno
9684,22,480,Ameretto Disaranno
9685,22,490,Ameretto Disaranno
9686,22,500,Ameretto Disaranno
9687,22,510,Ameretto Disaranno
9688,22,520,Ameretto Disaranno
9689,22,530,Ameretto Disaranno
9690,22,540,Ameretto Disaranno
9691,22,550,Ameretto Disaranno
9692,22,560,Ameretto Disaranno
9693,22,570,Ameretto Disaranno
9694,22,580,Ameretto Disaranno
9695,22,590,Ameretto Disaranno
9696,22,600,Ameretto Disaranno
9697,22,610,Ameretto Disaranno
9698,22,620,Ameretto Disaranno
9699,22,630,Ameretto Disaranno
9700,22,640,Ameretto Disaranno
9701,22,650,Ameretto Disaranno
9702,22,660,Ameretto Disaranno
9703,22,670,Ameretto Disaranno
9704,22,680,Ameretto Disaranno
9705,22,690,Ameretto Disaranno
9706,22,700,Ameretto Disaranno
9707,22,710,Ameretto Disaranno
9708,22,720,Ameretto Disaranno
9709,22,730,Ameretto Disaranno
9710,22,740,Ameretto Disaranno
9711,22,750,Ameretto Disaranno
9712,23,400,Koko Kanu
9713,23,410,Koko Kanu
9714,23,420,Koko Kanu
9715,23,430,Koko Kanu
9716,23,440,Koko Kanu
9717,23,450,Koko Kanu
9718,23,460,Koko Kanu
9719,23,470,Koko Kanu
9720,23,480,Koko Kanu
9721,23,490,Koko Kanu
9722,23,500,Koko Kanu
9723,23,510,Koko Kanu
9724,23,520,Koko Kanu
9725,23,530,Koko Kanu
9726,23,540,Koko Kanu
9727,23,550,Koko Kanu
9728,23,560,Koko Kanu
9729,23,570,Koko Kanu
9730,23,580,Koko Kanu
9731,23,590,Koko Kanu
9732,23,600,Koko Kanu
9733,23,610,Koko Kanu
9734,23,620,Koko Kanu
9735,23,630,Koko Kanu
9736,23,640,Koko Kanu
9737,23,650,Koko Kanu
9738,23,660,Koko Kanu
9739,23,670,Koko Kanu
9740,23,680,Koko Kanu
9741,23,690,Koko Kanu
9742,23,700,Koko Kanu
9743,23,710,Koko Kanu
9744,23,720,Koko Kanu
9745,23,730,Koko Kanu
9746,23,740,Koko Kanu
9747,23,750,Koko Kanu
9748,24,400,Black Tuesday
9749,24,410,Black Tuesday
9750,24,420,Black Tuesday
9751,24,430,Black Tuesday
9752,24,440,Black Tuesday
9753,24,450,Black Tuesday
9754,24,460,Black Tuesday
9755,24,470,Black Tuesday
9756,24,480,Black Tuesday
9757,24,490,Black Tuesday
9758,24,500,Black Tuesday
9759,24,510,Black Tuesday
9760,24,520,Black Tuesday
9761,24,530,Black Tuesday
9762,24,540,Black Tuesday
9763,24,550,Black Tuesday
9764,24,560,Black Tuesday
9765,24,570,Black Tuesday
9766,24,580,Black Tuesday
9767,24,590,Black Tuesday
9768,24,600,Black Tuesday
9769,24,610,Black Tuesday
9770,24,620,Black Tuesday
9771,24,630,Black Tuesday
9772,24,640,Black Tuesday
9773,24,650,Black Tuesday
9774,24,660,Black Tuesday
9775,24,670,Black Tuesday
9776,24,680,Black Tuesday
9777,24,690,Black Tuesday
9778,24,700,Black Tuesday
9779,24,710,Black Tuesday
9780,24,720,Black Tuesday
9781,24,730,Black Tuesday
9782,24,740,Black Tuesday
9783,24,750,Black Tuesday
9784,25,400,Naranaja
9785,25,410,Naranaja
9786,25,420,Naranaja
9787,25,430,Naranaja
9788,25,440,Naranaja
9789,25,450,Naranaja
9790,25,460,Naranaja
9791,25,470,Naranaja
9792,25,480,Naranaja
9793,25,490,Naranaja
9794,25,500,Naranaja
9795,25,510,Naranaja
9796,25,520,Naranaja
9797,25,530,Naranaja
9798,25,540,Naranaja
9799,25,550,Naranaja
9800,25,560,Naranaja
9801,25,570,Naranaja
9802,25,580,Naranaja
9803,25,590,Naranaja
9804,25,600,Naranaja
9805,25,610,Naranaja
9806,25,620,Naranaja
9807,25,630,Naranaja
9808,25,640,Naranaja
9809,25,650,Naranaja
9810,25,660,Naranaja
9811,25,670,Naranaja
9812,25,680,Naranaja
9813,25,690,Naranaja
9814,25,700,Naranaja
9815,25,710,Naranaja
9816,25,720,Naranaja
9817,25,730,Naranaja
9818,25,740,Naranaja
9819,25,750,Naranaja
9820,25,760,Naranaja
9821,25,770,Naranaja
9822,25,780,Naranaja
9823,25,790,Naranaja
9824,25,800,Naranaja
9825,26,400,Paleto
9826,26,410,Paleto
9827,26,420,Paleto
9828,26,430,Paleto
9829,26,440,Paleto
9830,26,450,Paleto
9831,26,460,Paleto
9832,26,470,Paleto
9833,26,480,Paleto
9834,26,490,Paleto
9835,26,500,Paleto
9836,26,510,Paleto
9837,26,520,Paleto
9838,26,530,Paleto
9839,26,540,Paleto
9840,26,550,Paleto
9841,26,560,Paleto
9842,26,570,Paleto
9843,26,580,Paleto
9844,26,590,Paleto
9845,26,600,Paleto
9846,26,610,Paleto
9847,26,620,Paleto
9848,26,630,Paleto
9849,26,640,Paleto
9850,26,650,Paleto
9851,26,660,Paleto
9852,26,670,Paleto
9853,26,680,Paleto
9854,26,690,Paleto
9855,26,700,Paleto
9856,26,710,Paleto
9857,26,720,Paleto
9858,26,730,Paleto
9859,26,740,Paleto
9860,26,750,Paleto
9861,26,760,Paleto
9862,26,770,Paleto
9863,26,780,Paleto
9864,26,790,Paleto
9865,26,800,Paleto
9866,27,400,Manhattan
9867,27,410,Manhattan
9868,27,420,Manhattan
9869,27,430,Manhattan
9870,27,440,Manhattan
9871,27,450,Manhattan
9872,27,460,Manhattan
9873,27,470,Manhattan
9874,27,480,Manhattan
9875,27,490,Manhattan
9876,27,500,Manhattan
9877,27,510,Manhattan
9878,27,520,Manhattan
9879,27,530,Manhattan
9880,27,540,Manhattan
9881,27,550,Manhattan
9882,27,560,Manhattan
9883,27,570,Manhattan
9884,27,580,Manhattan
9885,27,590,Manhattan
9886,27,600,Manhattan
9887,27,610,Manhattan
9888,27,620,Manhattan
9889,27,630,Manhattan
9890,27,640,Manhattan
9891,27,650,Manhattan
9892,27,660,Manhattan
9893,27,670,Manhattan
9894,27,680,Manhattan
9895,27,690,Manhattan
9896,27,700,Manhattan
9897,27,710,Manhattan
9898,27,720,Manhattan
9899,27,730,Manhattan
9900,27,740,Manhattan
9901,27,750,Manhattan
9902,27,760,Manhattan
9903,27,770,Manhattan
9904,27,780,Manhattan
9905,27,790,Manhattan
9906,27,800,Manhattan
9907,28,400,Caiproska
9908,28,410,Caiproska
9909,28,420,Caiproska
9910,28,430,Caiproska
9911,28,440,Caiproska
9912,28,450,Caiproska
9913,28,460,Caiproska
9914,28,470,Caiproska
9915,28,480,Caiproska
9916,28,490,Caiproska
9917,28,500,Caiproska
9918,28,510,Caiproska
9919,28,520,Caiproska
9920,28,530,Caiproska
9921,28,540,Caiproska
9922,28,550,Caiproska
9923,28,560,Caiproska
9924,28,570,Caiproska
9925,28,580,Caiproska
9926,28,590,Caiproska
9927,28,600,Caiproska
9928,28,610,Caiproska
9929,28,620,Caiproska
9930,28,630,Caiproska
9931,28,640,Caiproska
9932,28,650,Caiproska
9933,28,660,Caiproska
9934,28,670,Caiproska
9935,28,680,Caiproska
9936,28,690,Caiproska
9937,28,700,Caiproska
9938,28,710,Caiproska
9939,28,720,Caiproska
9940,28,730,Caiproska
9941,28,740,Caiproska
9942,28,750,Caiproska
9943,28,760,Caiproska
9944,28,770,Caiproska
9945,28,780,Caiproska
9946,28,790,Caiproska
9947,28,800,Caiproska
9948,29,400,Mojito
9949,29,410,Mojito
9950,29,420,Mojito
9951,29,430,Mojito
9952,29,440,Mojito
9953,29,450,Mojito
9954,29,460,Mojito
9955,29,470,Mojito
9956,29,480,Mojito
9957,29,490,Mojito
9958,29,500,Mojito
9959,29,510,Mojito
9960,29,520,Mojito
9961,29,530,Mojito
9962,29,540,Mojito
9963,29,550,Mojito
9964,29,560,Mojito
9965,29,570,Mojito
9966,29,580,Mojito
9967,29,590,Mojito
9968,29,600,Mojito
9969,29,610,Mojito
9970,29,620,Mojito
9971,29,630,Mojito
9972,29,640,Mojito
9973,29,650,Mojito
9974,29,660,Mojito
9975,29,670,Mojito
9976,29,680,Mojito
9977,29,690,Mojito
9978,29,700,Mojito
9979,29,710,Mojito
9980,29,720,Mojito
9981,29,730,Mojito
9982,29,740,Mojito
9983,29,750,Mojito
9984,29,760,Mojito
9985,29,770,Mojito
9986,29,780,Mojito
9987,29,790,Mojito
9988,29,800,Mojito
9989,30,400,Old Fashioned
9990,30,410,Old Fashioned
9991,30,420,Old Fashioned
9992,30,430,Old Fashioned
9993,30,440,Old Fashioned
9994,30,450,Old Fashioned
9995,30,460,Old Fashioned
9996,30,470,Old Fashioned
9997,30,480,Old Fashioned
9998,30,490,Old Fashioned
9999,30,500,Old Fashioned
10000,30,510,Old Fashioned
10001,30,520,Old Fashioned
10002,30,530,Old Fashioned
10003,30,540,Old Fashioned
10004,30,550,Old Fashioned
10005,30,560,Old Fashioned
10006,30,570,Old Fashioned
10007,30,580,Old Fashioned
10008,30,590,Old Fashioned
10009,30,600,Old Fashioned
10010,30,610,Old Fashioned
10011,30,620,Old Fashioned
10012,30,630,Old Fashioned
10013,30,640,Old Fashioned
10014,30,650,Old Fashioned
10015,30,660,Old Fashioned
10016,30,670,Old Fashioned
10017,30,680,Old Fashioned
10018,30,690,Old Fashioned
10019,30,700,Old Fashioned
10020,30,710,Old Fashioned
10021,30,720,Old Fashioned
10022,30,730,Old Fashioned
10023,30,740,Old Fashioned
10024,30,750,Old Fashioned
10025,30,760,Old Fashioned
10026,30,770,Old Fashioned
10027,30,780,Old Fashioned
10028,30,790,Old Fashioned
10029,30,800,Old Fashioned
10030,31,400,Twisted Mojito
10031,31,410,Twisted Mojito
10032,31,420,Twisted Mojito
10033,31,430,Twisted Mojito
10034,31,440,Twisted Mojito
10035,31,450,Twisted Mojito
10036,31,460,Twisted Mojito
10037,31,470,Twisted Mojito
10038,31,480,Twisted Mojito
10039,31,490,Twisted Mojito
10040,31,500,Twisted Mojito
10041,31,510,Twisted Mojito
10042,31,520,Twisted Mojito
10043,31,530,Twisted Mojito
10044,31,540,Twisted Mojito
10045,31,550,Twisted Mojito
10046,31,560,Twisted Mojito
10047,31,570,Twisted Mojito
10048,31,580,Twisted Mojito
10049,31,590,Twisted Mojito
10050,31,600,Twisted Mojito
10051,31,610,Twisted Mojito
10052,31,620,Twisted Mojito
10053,31,630,Twisted Mojito
10054,31,640,Twisted Mojito
10055,31,650,Twisted Mojito
10056,31,660,Twisted Mojito
10057,31,670,Twisted Mojito
10058,31,680,Twisted Mojito
10059,31,690,Twisted Mojito
10060,31,700,Twisted Mojito
10061,31,710,Twisted Mojito
10062,31,720,Twisted Mojito
10063,31,730,Twisted Mojito
10064,31,740,Twisted Mojito
10065,31,750,Twisted Mojito
10066,31,760,Twisted Mojito
10067,31,770,Twisted Mojito
10068,31,780,Twisted Mojito
10069,31,790,Twisted Mojito
10070,31,800,Twisted Mojito
10071,32,400,Golden State
10072,32,410,Golden State
10073,32,420,Golden State
10074,32,430,Golden State
10075,32,440,Golden State
10076,32,450,Golden State
10077,32,460,Golden State
10078,32,470,Golden State
10079,32,480,Golden State
10080,32,490,Golden State
10081,32,500,Golden State
10082,32,510,Golden State
10083,32,520,Golden State
10084,32,530,Golden State
10085,32,540,Golden State
10086,32,550,Golden State
10087,32,560,Golden State
10088,32,570,Golden State
10089,32,580,Golden State
10090,32,590,Golden State
10091,32,600,Golden State
10092,32,610,Golden State
10093,32,620,Golden State
10094,32,630,Golden State
10095,32,640,Golden State
10096,32,650,Golden State
10097,32,660,Golden State
10098,32,670,Golden State
10099,32,680,Golden State
10100,32,690,Golden State
10101,32,700,Golden State
10102,32,710,Golden State
10103,32,720,Golden State
10104,32,730,Golden State
10105,32,740,Golden State
10106,32,750,Golden State
10107,32,760,Golden State
10108,32,770,Golden State
10109,32,780,Golden State
10110,32,790,Golden State
10111,32,800,Golden State
10112,33,550,Southern Comfort
10113,33,560,Southern Comfort
10114,33,570,Southern Comfort
10115,33,580,Southern Comfort
10116,33,590,Southern Comfort
10117,33,600,Southern Comfort
10118,33,610,Southern Comfort
10119,33,620,Southern Comfort
10120,33,630,Southern Comfort
10121,33,640,Southern Comfort
10122,33,650,Southern Comfort
10123,33,660,Southern Comfort
10124,33,670,Southern Comfort
10125,33,680,Southern Comfort
10126,33,690,Southern Comfort
10127,33,700,Southern Comfort
10128,33,710,Southern Comfort
10129,33,720,Southern Comfort
10130,33,730,Southern Comfort
10131,33,740,Southern Comfort
10132,33,750,Southern Comfort
10133,34,550,Stoli Red
10134,34,560,Stoli Red
10135,34,570,Stoli Red
10136,34,580,Stoli Red
10137,34,590,Stoli Red
10138,34,600,Stoli Red
10139,34,610,Stoli Red
10140,34,620,Stoli Red
10141,34,630,Stoli Red
10142,34,640,Stoli Red
10143,34,650,Stoli Red
10144,34,660,Stoli Red
10145,34,670,Stoli Red
10146,34,680,Stoli Red
10147,34,690,Stoli Red
10148,34,700,Stoli Red
10149,34,710,Stoli Red
10150,34,720,Stoli Red
10151,34,730,Stoli Red
10152,34,740,Stoli Red
10153,34,750,Stoli Red
10154,34,760,Stoli Red
10155,34,770,Stoli Red
10156,34,780,Stoli Red
10157,34,790,Stoli Red
10158,34,800,Stoli Red
10159,35,550,Stoli Vanilla
10160,35,560,Stoli Vanilla
10161,35,570,Stoli Vanilla
10162,35,580,Stoli Vanilla
10163,35,590,Stoli Vanilla
10164,35,600,Stoli Vanilla
10165,35,610,Stoli Vanilla
10166,35,620,Stoli Vanilla
10167,35,630,Stoli Vanilla
10168,35,640,Stoli Vanilla
10169,35,650,Stoli Vanilla
10170,35,660,Stoli Vanilla
10171,35,670,Stoli Vanilla
10172,35,680,Stoli Vanilla
10173,35,690,Stoli Vanilla
10174,35,700,Stoli Vanilla
10175,35,710,Stoli Vanilla
10176,35,720,Stoli Vanilla
10177,35,730,Stoli Vanilla
10178,35,740,Stoli Vanilla
10179,35,750,Stoli Vanilla
10180,35,760,Stoli Vanilla
10181,35,770,Stoli Vanilla
10182,35,780,Stoli Vanilla
10183,35,790,Stoli Vanilla
10184,35,800,Stoli Vanilla
10185,36,550,Stoli Razberi
10186,36,560,Stoli Razberi
10187,36,570,Stoli Razberi
10188,36,580,Stoli Razberi
10189,36,590,Stoli Razberi
10190,36,600,Stoli Razberi
10191,36,610,Stoli Razberi
10192,36,620,Stoli Razberi
10193,36,630,Stoli Razberi
10194,36,640,Stoli Razberi
10195,36,650,Stoli Razberi
10196,36,660,Stoli Razberi
10197,36,670,Stoli Razberi
10198,36,680,Stoli Razberi
10199,36,690,Stoli Razberi
10200,36,700,Stoli Razberi
10201,36,710,Stoli Razberi
10202,36,720,Stoli Razberi
10203,36,730,Stoli Razberi
10204,36,740,Stoli Razberi
10205,36,750,Stoli Razberi
10206,36,760,Stoli Razberi
10207,36,770,Stoli Razberi
10208,36,780,Stoli Razberi
10209,36,790,Stoli Razberi
10210,36,800,Stoli Razberi
10211,37,550,Stoli Citrus
10212,37,560,Stoli Citrus
10213,37,570,Stoli Citrus
10214,37,580,Stoli Citrus
10215,37,590,Stoli Citrus
10216,37,600,Stoli Citrus
10217,37,610,Stoli Citrus
10218,37,620,Stoli Citrus
10219,37,630,Stoli Citrus
10220,37,640,Stoli Citrus
10221,37,650,Stoli Citrus
10222,37,660,Stoli Citrus
10223,37,670,Stoli Citrus
10224,37,680,Stoli Citrus
10225,37,690,Stoli Citrus
10226,37,700,Stoli Citrus
10227,37,710,Stoli Citrus
10228,37,720,Stoli Citrus
10229,37,730,Stoli Citrus
10230,37,740,Stoli Citrus
10231,37,750,Stoli Citrus
10232,37,760,Stoli Citrus
10233,37,770,Stoli Citrus
10234,37,780,Stoli Citrus
10235,37,790,Stoli Citrus
10236,37,800,Stoli Citrus
10237,38,550,Jack Daniels
10238,38,560,Jack Daniels
10239,38,570,Jack Daniels
10240,38,580,Jack Daniels
10241,38,590,Jack Daniels
10242,38,600,Jack Daniels
10243,38,610,Jack Daniels
10244,38,620,Jack Daniels
10245,38,630,Jack Daniels
10246,38,640,Jack Daniels
10247,38,650,Jack Daniels
10248,38,660,Jack Daniels
10249,38,670,Jack Daniels
10250,38,680,Jack Daniels
10251,38,690,Jack Daniels
10252,38,700,Jack Daniels
10253,38,710,Jack Daniels
10254,38,720,Jack Daniels
10255,38,730,Jack Daniels
10256,38,740,Jack Daniels
10257,38,750,Jack Daniels
10258,38,760,Jack Daniels
10259,38,770,Jack Daniels
10260,38,780,Jack Daniels
10261,38,790,Jack Daniels
10262,38,800,Jack Daniels
10263,39,550,Jim Beam
10264,39,560,Jim Beam
10265,39,570,Jim Beam
10266,39,580,Jim Beam
10267,39,590,Jim Beam
10268,39,600,Jim Beam
10269,39,610,Jim Beam
10270,39,620,Jim Beam
10271,39,630,Jim Beam
10272,39,640,Jim Beam
10273,39,650,Jim Beam
10274,39,660,Jim Beam
10275,39,670,Jim Beam
10276,39,680,Jim Beam
10277,39,690,Jim Beam
10278,39,700,Jim Beam
10279,39,710,Jim Beam
10280,39,720,Jim Beam
10281,39,730,Jim Beam
10282,39,740,Jim Beam
10283,39,750,Jim Beam
10284,39,760,Jim Beam
10285,39,770,Jim Beam
10286,39,780,Jim Beam
10287,39,790,Jim Beam
10288,39,800,Jim Beam
10289,40,550,Buleit Bourbon
10290,40,560,Buleit Bourbon
10291,40,570,Buleit Bourbon
10292,40,580,Buleit Bourbon
10293,40,590,Buleit Bourbon
10294,40,600,Buleit Bourbon
10295,40,610,Buleit Bourbon
10296,40,620,Buleit Bourbon
10297,40,630,Buleit Bourbon
10298,40,640,Buleit Bourbon
10299,40,650,Buleit Bourbon
10300,40,660,Buleit Bourbon
10301,40,670,Buleit Bourbon
10302,40,680,Buleit Bourbon
10303,40,690,Buleit Bourbon
10304,40,700,Buleit Bourbon
10305,40,710,Buleit Bourbon
10306,40,720,Buleit Bourbon
10307,40,730,Buleit Bourbon
10308,40,740,Buleit Bourbon
10309,40,750,Buleit Bourbon
10310,40,760,Buleit Bourbon
10311,40,770,Buleit Bourbon
10312,40,780,Buleit Bourbon
10313,40,790,Buleit Bourbon
10314,40,800,Buleit Bourbon
10315,41,550,Jim Beam Red Stag
10316,41,560,Jim Beam Red Stag
10317,41,570,Jim Beam Red Stag
10318,41,580,Jim Beam Red Stag
10319,41,590,Jim Beam Red Stag
10320,41,600,Jim Beam Red Stag
10321,41,610,Jim Beam Red Stag
10322,41,620,Jim Beam Red Stag
10323,41,630,Jim Beam Red Stag
10324,41,640,Jim Beam Red Stag
10325,41,650,Jim Beam Red Stag
10326,41,660,Jim Beam Red Stag
10327,41,670,Jim Beam Red Stag
10328,41,680,Jim Beam Red Stag
10329,41,690,Jim Beam Red Stag
10330,41,700,Jim Beam Red Stag
10331,41,710,Jim Beam Red Stag
10332,41,720,Jim Beam Red Stag
10333,41,730,Jim Beam Red Stag
10334,41,740,Jim Beam Red Stag
10335,41,750,Jim Beam Red Stag
10336,41,760,Jim Beam Red Stag
10337,41,770,Jim Beam Red Stag
10338,41,780,Jim Beam Red Stag
10339,41,790,Jim Beam Red Stag
10340,41,800,Jim Beam Red Stag
10341,42,650,Bombay Saphire
10342,42,660,Bombay Saphire
10343,42,670,Bombay Saphire
10344,42,680,Bombay Saphire
10345,42,690,Bombay Saphire
10346,42,700,Bombay Saphire
10347,42,710,Bombay Saphire
10348,42,720,Bombay Saphire
10349,42,730,Bombay Saphire
10350,42,740,Bombay Saphire
10351,42,750,Bombay Saphire
10352,42,760,Bombay Saphire
10353,42,770,Bombay Saphire
10354,42,780,Bombay Saphire
10355,42,790,Bombay Saphire
10356,42,800,Bombay Saphire
10357,43,660,Hendricks
10358,43,670,Hendricks
10359,43,680,Hendricks
10360,43,690,Hendricks
10361,43,700,Hendricks
10362,43,710,Hendricks
10363,43,720,Hendricks
10364,43,730,Hendricks
10365,43,740,Hendricks
10366,43,750,Hendricks
10367,43,760,Hendricks
10368,43,770,Hendricks
10369,43,780,Hendricks
10370,43,790,Hendricks
10371,43,800,Hendricks
10372,44,650,Knob Creek
10373,44,660,Knob Creek
10374,44,670,Knob Creek
10375,44,680,Knob Creek
10376,44,690,Knob Creek
10377,44,700,Knob Creek
10378,44,710,Knob Creek
10379,44,720,Knob Creek
10380,44,730,Knob Creek
10381,44,740,Knob Creek
10382,44,750,Knob Creek
10383,44,760,Knob Creek
10384,44,770,Knob Creek
10385,44,780,Knob Creek
10386,44,790,Knob Creek
10387,44,800,Knob Creek
10388,44,810,Knob Creek
10389,44,820,Knob Creek
10390,44,830,Knob Creek
10391,44,840,Knob Creek
10392,44,850,Knob Creek
10393,45,650,Ciroc
10394,45,660,Ciroc
10395,45,670,Ciroc
10396,45,680,Ciroc
10397,45,690,Ciroc
10398,45,700,Ciroc
10399,45,710,Ciroc
10400,45,720,Ciroc
10401,45,730,Ciroc
10402,45,740,Ciroc
10403,45,750,Ciroc
10404,45,760,Ciroc
10405,45,770,Ciroc
10406,45,780,Ciroc
10407,45,790,Ciroc
10408,45,800,Ciroc
10409,45,810,Ciroc
10410,45,820,Ciroc
10411,45,830,Ciroc
10412,45,840,Ciroc
10413,45,850,Ciroc
10414,45,860,Ciroc
10415,45,870,Ciroc
10416,45,880,Ciroc
10417,45,890,Ciroc
10418,45,900,Ciroc
10419,46,650,Woodford Reserve
10420,46,660,Woodford Reserve
10421,46,670,Woodford Reserve
10422,46,680,Woodford Reserve
10423,46,690,Woodford Reserve
10424,46,700,Woodford Reserve
10425,46,710,Woodford Reserve
10426,46,720,Woodford Reserve
10427,46,730,Woodford Reserve
10428,46,740,Woodford Reserve
10429,46,750,Woodford Reserve
10430,46,760,Woodford Reserve
10431,46,770,Woodford Reserve
10432,46,780,Woodford Reserve
10433,46,790,Woodford Reserve
10434,46,800,Woodford Reserve
10435,46,810,Woodford Reserve
10436,46,820,Woodford Reserve
10437,46,830,Woodford Reserve
10438,46,840,Woodford Reserve
10439,46,850,Woodford Reserve
10440,46,860,Woodford Reserve
10441,46,870,Woodford Reserve
10442,46,880,Woodford Reserve
10443,46,890,Woodford Reserve
10444,46,900,Woodford Reserve
10445,47,650,Haig Club
10446,47,660,Haig Club
10447,47,670,Haig Club
10448,47,680,Haig Club
10449,47,690,Haig Club
10450,47,700,Haig Club
10451,47,710,Haig Club
10452,47,720,Haig Club
10453,47,730,Haig Club
10454,47,740,Haig Club
10455,47,750,Haig Club
10456,47,760,Haig Club
10457,47,770,Haig Club
10458,47,780,Haig Club
10459,47,790,Haig Club
10460,47,800,Haig Club
10461,47,810,Haig Club
10462,47,820,Haig Club
10463,47,830,Haig Club
10464,47,840,Haig Club
10465,47,850,Haig Club
10466,47,860,Haig Club
10467,47,870,Haig Club
10468,47,880,Haig Club
10469,47,890,Haig Club
10470,47,900,Haig Club
10471,48,750,Henessy Vs
10472,48,760,Henessy Vs
10473,48,770,Henessy Vs
10474,48,780,Henessy Vs
10475,48,790,Henessy Vs
10476,48,800,Henessy Vs
10477,48,810,Henessy Vs
10478,48,820,Henessy Vs
10479,48,830,Henessy Vs
10480,48,840,Henessy Vs
10481,48,850,Henessy Vs
10482,48,860,Henessy Vs
10483,48,870,Henessy Vs
10484,48,880,Henessy Vs
10485,48,890,Henessy Vs
10486,48,900,Henessy Vs
10487,49,750,Tanquary
10488,49,760,Tanquary
10489,49,770,Tanquary
10490,49,780,Tanquary
10491,49,790,Tanquary
10492,49,800,Tanquary
10493,49,810,Tanquary
10494,49,820,Tanquary
10495,49,830,Tanquary
10496,49,840,Tanquary
10497,49,850,Tanquary
10498,49,860,Tanquary
10499,49,870,Tanquary
10500,49,880,Tanquary
10501,49,890,Tanquary
10502,49,900,Tanquary
10503,50,650,Johnny Walker Black
10504,50,660,Johnny Walker Black
10505,50,670,Johnny Walker Black
10506,50,680,Johnny Walker Black
10507,50,690,Johnny Walker Black
10508,50,700,Johnny Walker Black
10509,50,710,Johnny Walker Black
10510,50,720,Johnny Walker Black
10511,50,730,Johnny Walker Black
10512,50,740,Johnny Walker Black
10513,50,750,Johnny Walker Black
10514,50,760,Johnny Walker Black
10515,50,770,Johnny Walker Black
10516,50,780,Johnny Walker Black
10517,50,790,Johnny Walker Black
10518,50,810,Johnny Walker Black
10519,50,830,Johnny Walker Black
10520,50,850,Johnny Walker Black
10521,50,870,Johnny Walker Black
10522,50,890,Johnny Walker Black
10523,50,910,Johnny Walker Black
10524,50,930,Johnny Walker Black
10525,50,950,Johnny Walker Black
10526,51,780,Talisker 10Yo
10527,51,790,Talisker 10Yo
10528,51,800,Talisker 10Yo
10529,51,810,Talisker 10Yo
10530,51,820,Talisker 10Yo
10531,51,830,Talisker 10Yo
10532,51,840,Talisker 10Yo
10533,51,850,Talisker 10Yo
10534,51,860,Talisker 10Yo
10535,51,870,Talisker 10Yo
10536,51,880,Talisker 10Yo
10537,51,890,Talisker 10Yo
10538,51,900,Talisker 10Yo
10539,52,800,Canyon Road Pinot Grigio
10540,52,810,Canyon Road Pinot Grigio
10541,52,820,Canyon Road Pinot Grigio
10542,52,830,Canyon Road Pinot Grigio
10543,52,840,Canyon Road Pinot Grigio
10544,52,850,Canyon Road Pinot Grigio
10545,52,860,Canyon Road Pinot Grigio
10546,52,870,Canyon Road Pinot Grigio
10547,52,880,Canyon Road Pinot Grigio
10548,52,890,Canyon Road Pinot Grigio
10549,52,900,Canyon Road Pinot Grigio
10550,52,910,Canyon Road Pinot Grigio
10551,52,920,Canyon Road Pinot Grigio
10552,52,930,Canyon Road Pinot Grigio
10553,52,940,Canyon Road Pinot Grigio
10554,52,950,Canyon Road Pinot Grigio
10555,52,960,Canyon Road Pinot Grigio
10556,52,970,Canyon Road Pinot Grigio
10557,52,980,Canyon Road Pinot Grigio
10558,52,990,Canyon Road Pinot Grigio
10559,52,1000,Canyon Road Pinot Grigio
10560,52,1010,Canyon Road Pinot Grigio
10561,52,1020,Canyon Road Pinot Grigio
10562,52,1030,Canyon Road Pinot Grigio
10563,52,1040,Canyon Road Pinot Grigio
10564,52,1050,Canyon Road Pinot Grigio
10565,52,1060,Canyon Road Pinot Grigio
10566,52,1070,Canyon Road Pinot Grigio
10567,52,1080,Canyon Road Pinot Grigio
10568,52,1090,Canyon Road Pinot Grigio
10569,52,1100,Canyon Road Pinot Grigio
10570,52,1110,Canyon Road Pinot Grigio
10571,52,1120,Canyon Road Pinot Grigio
10572,52,1130,Canyon Road Pinot Grigio
10573,52,1140,Canyon Road Pinot Grigio
10574,52,1150,Canyon Road Pinot Grigio
10575,52,1160,Canyon Road Pinot Grigio
10576,52,1170,Canyon Road Pinot Grigio
10577,52,1180,Canyon Road Pinot Grigio
10578,52,1190,Canyon Road Pinot Grigio
10579,52,1200,Canyon Road Pinot Grigio
10580,52,1210,Canyon Road Pinot Grigio
10581,52,1220,Canyon Road Pinot Grigio
10582,52,1230,Canyon Road Pinot Grigio
10583,52,1240,Canyon Road Pinot Grigio
10584,52,1250,Canyon Road Pinot Grigio
10585,52,1260,Canyon Road Pinot Grigio
10586,52,1270,Canyon Road Pinot Grigio
10587,52,1280,Canyon Road Pinot Grigio
10588,52,1290,Canyon Road Pinot Grigio
10589,52,1300,Canyon Road Pinot Grigio
10590,52,1310,Canyon Road Pinot Grigio
10591,52,1320,Canyon Road Pinot Grigio
10592,52,1330,Canyon Road Pinot Grigio
10593,52,1340,Canyon Road Pinot Grigio
10594,52,1350,Canyon Road Pinot Grigio
10595,52,1360,Canyon Road Pinot Grigio
10596,52,1370,Canyon Road Pinot Grigio
10597,52,1380,Canyon Road Pinot Grigio
10598,52,1390,Canyon Road Pinot Grigio
10599,52,1400,Canyon Road Pinot Grigio
10600,52,1410,Canyon Road Pinot Grigio
10601,52,1420,Canyon Road Pinot Grigio
10602,52,1430,Canyon Road Pinot Grigio
10603,52,1440,Canyon Road Pinot Grigio
10604,52,1450,Canyon Road Pinot Grigio
10605,52,1460,Canyon Road Pinot Grigio
10606,52,1470,Canyon Road Pinot Grigio
10607,52,1480,Canyon Road Pinot Grigio
10608,52,1490,Canyon Road Pinot Grigio
10609,52,1500,Canyon Road Pinot Grigio
10610,53,800,Canyon Road Merlot
10611,53,810,Canyon Road Merlot
10612,53,820,Canyon Road Merlot
10613,53,830,Canyon Road Merlot
10614,53,840,Canyon Road Merlot
10615,53,850,Canyon Road Merlot
10616,53,860,Canyon Road Merlot
10617,53,870,Canyon Road Merlot
10618,53,880,Canyon Road Merlot
10619,53,890,Canyon Road Merlot
10620,53,900,Canyon Road Merlot
10621,53,910,Canyon Road Merlot
10622,53,920,Canyon Road Merlot
10623,53,930,Canyon Road Merlot
10624,53,940,Canyon Road Merlot
10625,53,950,Canyon Road Merlot
10626,53,960,Canyon Road Merlot
10627,53,970,Canyon Road Merlot
10628,53,980,Canyon Road Merlot
10629,53,990,Canyon Road Merlot
10630,53,1000,Canyon Road Merlot
10631,53,1010,Canyon Road Merlot
10632,53,1020,Canyon Road Merlot
10633,53,1030,Canyon Road Merlot
10634,53,1040,Canyon Road Merlot
10635,53,1050,Canyon Road Merlot
10636,53,1060,Canyon Road Merlot
10637,53,1070,Canyon Road Merlot
10638,53,1080,Canyon Road Merlot
10639,53,1090,Canyon Road Merlot
10640,53,1100,Canyon Road Merlot
10641,53,1110,Canyon Road Merlot
10642,53,1120,Canyon Road Merlot
10643,53,1130,Canyon Road Merlot
10644,53,1140,Canyon Road Merlot
10645,53,1150,Canyon Road Merlot
10646,53,1160,Canyon Road Merlot
10647,53,1170,Canyon Road Merlot
10648,53,1180,Canyon Road Merlot
10649,53,1190,Canyon Road Merlot
10650,53,1200,Canyon Road Merlot
10651,53,1210,Canyon Road Merlot
10652,53,1220,Canyon Road Merlot
10653,53,1230,Canyon Road Merlot
10654,53,1240,Canyon Road Merlot
10655,53,1250,Canyon Road Merlot
10656,53,1260,Canyon Road Merlot
10657,53,1270,Canyon Road Merlot
10658,53,1280,Canyon Road Merlot
10659,53,1290,Canyon Road Merlot
10660,53,1300,Canyon Road Merlot
10661,53,1310,Canyon Road Merlot
10662,53,1320,Canyon Road Merlot
10663,53,1330,Canyon Road Merlot
10664,53,1340,Canyon Road Merlot
10665,53,1350,Canyon Road Merlot
10666,53,1360,Canyon Road Merlot
10667,53,1370,Canyon Road Merlot
10668,53,1380,Canyon Road Merlot
10669,53,1390,Canyon Road Merlot
10670,53,1400,Canyon Road Merlot
10671,53,1410,Canyon Road Merlot
10672,53,1420,Canyon Road Merlot
10673,53,1430,Canyon Road Merlot
10674,53,1440,Canyon Road Merlot
10675,53,1450,Canyon Road Merlot
10676,53,1460,Canyon Road Merlot
10677,53,1470,Canyon Road Merlot
10678,53,1480,Canyon Road Merlot
10679,53,1490,Canyon Road Merlot
10680,53,1500,Canyon Road Merlot
10681,54,900,Rose Bottle
10682,54,910,Rose Bottle
10683,54,920,Rose Bottle
10684,54,930,Rose Bottle
10685,54,940,Rose Bottle
10686,54,950,Rose Bottle
10687,54,960,Rose Bottle
10688,54,970,Rose Bottle
10689,54,980,Rose Bottle
10690,54,990,Rose Bottle
10691,54,1000,Rose Bottle
10692,54,1010,Rose Bottle
10693,54,1020,Rose Bottle
10694,54,1030,Rose Bottle
10695,54,1040,Rose Bottle
10696,54,1050,Rose Bottle
10697,54,1060,Rose Bottle
10698,54,1070,Rose Bottle
10699,54,1080,Rose Bottle
10700,54,1090,Rose Bottle
10701,54,1100,Rose Bottle
10702,54,1110,Rose Bottle
10703,54,1120,Rose Bottle
10704,54,1130,Rose Bottle
10705,54,1140,Rose Bottle
10706,54,1150,Rose Bottle
10707,54,1160,Rose Bottle
10708,54,1170,Rose Bottle
10709,54,1180,Rose Bottle
10710,54,1190,Rose Bottle
10711,54,1200,Rose Bottle
10712,54,1210,Rose Bottle
10713,54,1220,Rose Bottle
10714,54,1230,Rose Bottle
10715,54,1240,Rose Bottle
10716,54,1250,Rose Bottle
10717,54,1260,Rose Bottle
10718,54,1270,Rose Bottle
10719,54,1280,Rose Bottle
10720,54,1290,Rose Bottle
10721,54,1300,Rose Bottle
10722,54,1310,Rose Bottle
10723,54,1320,Rose Bottle
10724,54,1330,Rose Bottle
10725,54,1340,Rose Bottle
10726,54,1350,Rose Bottle
10727,54,1360,Rose Bottle
10728,54,1370,Rose Bottle
10729,54,1380,Rose Bottle
10730,54,1390,Rose Bottle
10731,54,1400,Rose Bottle
10732,54,1410,Rose Bottle
10733,54,1420,Rose Bottle
10734,54,1430,Rose Bottle
10735,54,1440,Rose Bottle
10736,54,1450,Rose Bottle
10737,54,1460,Rose Bottle
10738,54,1470,Rose Bottle
10739,54,1480,Rose Bottle
10740,54,1490,Rose Bottle
10741,54,1500,Rose Bottle
10742,55,4950,Moet Chandon Bottle
10743,55,4960,Moet Chandon Bottle
10744,55,4970,Moet Chandon Bottle
10745,55,4980,Moet Chandon Bottle
10746,55,4990,Moet Chandon Bottle
10747,55,5000,Moet Chandon Bottle
10748,55,5010,Moet Chandon Bottle
10749,55,5020,Moet Chandon Bottle
10750,55,5030,Moet Chandon Bottle
10751,55,5040,Moet Chandon Bottle
10752,55,5050,Moet Chandon Bottle
10753,55,5060,Moet Chandon Bottle
10754,55,5070,Moet Chandon Bottle
10755,55,5080,Moet Chandon Bottle
10756,55,5090,Moet Chandon Bottle
10757,55,5100,Moet Chandon Bottle
10758,55,5110,Moet Chandon Bottle
10759,55,5120,Moet Chandon Bottle
10760,55,5130,Moet Chandon Bottle
10761,55,5140,Moet Chandon Bottle
10762,55,5150,Moet Chandon Bottle
10763,55,5160,Moet Chandon Bottle
10764,55,5170,Moet Chandon Bottle
10765,55,5180,Moet Chandon Bottle
10766,55,5190,Moet Chandon Bottle
10767,55,5200,Moet Chandon Bottle
10768,55,5210,Moet Chandon Bottle
10769,55,5220,Moet Chandon Bottle
10770,55,5230,Moet Chandon Bottle
10771,55,5240,Moet Chandon Bottle
10772,55,5250,Moet Chandon Bottle
10773,55,5260,Moet Chandon Bottle
10774,55,5270,Moet Chandon Bottle
10775,55,5280,Moet Chandon Bottle
10776,55,5290,Moet Chandon Bottle
10777,55,5300,Moet Chandon Bottle
10778,55,5310,Moet Chandon Bottle
10779,55,5320,Moet Chandon Bottle
10780,55,5330,Moet Chandon Bottle
10781,55,5340,Moet Chandon Bottle
10782,55,5350,Moet Chandon Bottle
10783,55,5360,Moet Chandon Bottle
10784,55,5370,Moet Chandon Bottle
10785,55,5380,Moet Chandon Bottle
10786,55,5390,Moet Chandon Bottle
10787,55,5400,Moet Chandon Bottle
10788,55,5410,Moet Chandon Bottle
10789,55,5420,Moet Chandon Bottle
10790,55,5430,Moet Chandon Bottle
10791,55,5440,Moet Chandon Bottle
10792,55,5450,Moet Chandon Bottle
10793,55,5460,Moet Chandon Bottle
10794,55,5470,Moet Chandon Bottle
10795,55,5480,Moet Chandon Bottle
10796,55,5490,Moet Chandon Bottle
10797,55,5500,Moet Chandon Bottle
10798,55,5510,Moet Chandon Bottle
10799,55,5520,Moet Chandon Bottle
10800,55,5530,Moet Chandon Bottle
10801,55,5540,Moet Chandon Bottle
10802,55,5550,Moet Chandon Bottle
10803,55,5560,Moet Chandon Bottle
10804,55,5570,Moet Chandon Bottle
10805,55,5580,Moet Chandon Bottle
10806,55,5590,Moet Chandon Bottle
10807,55,5600,Moet Chandon Bottle
10808,55,5610,Moet Chandon Bottle
10809,55,5620,Moet Chandon Bottle
10810,55,5630,Moet Chandon Bottle
10811,55,5640,Moet Chandon Bottle
10812,55,5650,Moet Chandon Bottle
10813,55,5660,Moet Chandon Bottle
10814,55,5670,Moet Chandon Bottle
10815,55,5680,Moet Chandon Bottle
10816,55,5690,Moet Chandon Bottle
10817,55,5700,Moet Chandon Bottle
10818,55,5710,Moet Chandon Bottle
10819,55,5720,Moet Chandon Bottle
10820,55,5730,Moet Chandon Bottle
10821,55,5740,Moet Chandon Bottle
10822,55,5750,Moet Chandon Bottle
10823,55,5760,Moet Chandon Bottle
10824,55,5770,Moet Chandon Bottle
10825,55,5780,Moet Chandon Bottle
10826,55,5790,Moet Chandon Bottle
10827,55,5800,Moet Chandon Bottle
10828,55,5810,Moet Chandon Bottle
10829,55,5820,Moet Chandon Bottle
10830,55,5830,Moet Chandon Bottle
10831,55,5840,Moet Chandon Bottle
10832,55,5850,Moet Chandon Bottle
10833,55,5860,Moet Chandon Bottle
10834,55,5870,Moet Chandon Bottle
10835,55,5880,Moet Chandon Bottle
10836,55,5890,Moet Chandon Bottle
10837,55,5900,Moet Chandon Bottle
10838,55,5910,Moet Chandon Bottle
10839,55,5920,Moet Chandon Bottle
10840,55,5930,Moet Chandon Bottle
10841,55,5940,Moet Chandon Bottle
10842,55,5950,Moet Chandon Bottle
10843,55,5960,Moet Chandon Bottle
10844,55,5970,Moet Chandon Bottle
10845,55,5980,Moet Chandon Bottle
10846,55,5990,Moet Chandon Bottle
10847,55,6000,Moet Chandon Bottle
10848,55,6010,Moet Chandon Bottle
10849,55,6020,Moet Chandon Bottle
10850,55,6030,Moet Chandon Bottle
10851,55,6040,Moet Chandon Bottle
10852,55,6050,Moet Chandon Bottle
10853,55,6060,Moet Chandon Bottle
10854,55,6070,Moet Chandon Bottle
10855,55,6080,Moet Chandon Bottle
10856,55,6090,Moet Chandon Bottle
10857,55,6100,Moet Chandon Bottle
10858,55,6110,Moet Chandon Bottle
10859,55,6120,Moet Chandon Bottle
10860,55,6130,Moet Chandon Bottle
10861,55,6140,Moet Chandon Bottle
10862,55,6150,Moet Chandon Bottle
10863,55,6160,Moet Chandon Bottle
10864,55,6170,Moet Chandon Bottle
10865,55,6180,Moet Chandon Bottle
10866,55,6190,Moet Chandon Bottle
10867,55,6200,Moet Chandon Bottle
10868,55,6210,Moet Chandon Bottle
10869,55,6220,Moet Chandon Bottle
10870,55,6230,Moet Chandon Bottle
10871,55,6240,Moet Chandon Bottle
10872,55,6250,Moet Chandon Bottle
10873,55,6260,Moet Chandon Bottle
10874,55,6270,Moet Chandon Bottle
10875,55,6280,Moet Chandon Bottle
10876,55,6290,Moet Chandon Bottle
10877,55,6300,Moet Chandon Bottle
10878,55,6310,Moet Chandon Bottle
10879,55,6320,Moet Chandon Bottle
10880,55,6330,Moet Chandon Bottle
10881,55,6340,Moet Chandon Bottle
10882,55,6350,Moet Chandon Bottle
10883,55,6360,Moet Chandon Bottle
10884,55,6370,Moet Chandon Bottle
10885,55,6380,Moet Chandon Bottle
10886,55,6390,Moet Chandon Bottle
10887,55,6400,Moet Chandon Bottle
10888,55,6410,Moet Chandon Bottle
10889,55,6420,Moet Chandon Bottle
10890,55,6430,Moet Chandon Bottle
10891,55,6440,Moet Chandon Bottle
10892,55,6450,Moet Chandon Bottle
10893,55,6460,Moet Chandon Bottle
10894,55,6470,Moet Chandon Bottle
10895,55,6480,Moet Chandon Bottle
10896,55,6490,Moet Chandon Bottle
10897,55,6500,Moet Chandon Bottle
10898,55,6510,Moet Chandon Bottle
10899,55,6520,Moet Chandon Bottle
10900,55,6530,Moet Chandon Bottle
10901,55,6540,Moet Chandon Bottle
10902,55,6550,Moet Chandon Bottle
10903,55,6560,Moet Chandon Bottle
10904,55,6570,Moet Chandon Bottle
10905,55,6580,Moet Chandon Bottle
10906,55,6590,Moet Chandon Bottle
10907,55,6600,Moet Chandon Bottle
10908,55,6610,Moet Chandon Bottle
10909,55,6620,Moet Chandon Bottle
10910,55,6630,Moet Chandon Bottle
10911,55,6640,Moet Chandon Bottle
10912,55,6650,Moet Chandon Bottle
10913,55,6660,Moet Chandon Bottle
10914,55,6670,Moet Chandon Bottle
10915,55,6680,Moet Chandon Bottle
10916,55,6690,Moet Chandon Bottle
10917,55,6700,Moet Chandon Bottle
10918,55,6710,Moet Chandon Bottle
10919,55,6720,Moet Chandon Bottle
10920,55,6730,Moet Chandon Bottle
10921,55,6740,Moet Chandon Bottle
10922,55,6750,Moet Chandon Bottle
10923,55,6760,Moet Chandon Bottle
10924,55,6770,Moet Chandon Bottle
10925,55,6780,Moet Chandon Bottle
10926,55,6790,Moet Chandon Bottle
10927,55,6800,Moet Chandon Bottle
10928,55,6810,Moet Chandon Bottle
10929,55,6820,Moet Chandon Bottle
10930,55,6830,Moet Chandon Bottle
10931,55,6840,Moet Chandon Bottle
10932,55,6850,Moet Chandon Bottle
10933,55,6860,Moet Chandon Bottle
10934,55,6870,Moet Chandon Bottle
10935,55,6880,Moet Chandon Bottle
10936,55,6890,Moet Chandon Bottle
10937,55,6900,Moet Chandon Bottle
10938,56,200,Coke
10939,57,200,Diet Coke
10940,58,300,Red Bull
10941,59,200,Schweppes Tonic
10942,60,200,Schweppes Slimline Tonic
10943,61,200,Schweppes Lemonade
10944,62,200,Schweppes Canada Dry
10945,63,200,Apple Juice
10946,64,200,Cranberry Juice
10947,65,200,Orange Pineapple
10948,66,200,Passion Fruit
10949,67,200,Tomato Juice
10950,68,200,Ginger Beer